5,4,1,471,543,8,13,11,snow crab
5,3,1,313,979,8,10,4,snow crab
6,3,3,435,1293,9,13,1,snow crab
6,4,1,464,233,10,9,4,snow crab
8,4,3,484,1276,7,9,12,snow crab
7,3,5,311,1277,7,10,12,snow crab
5,4,5,363,1568,8,11,12,snow crab
9,4,5,443,133,7,12,4,snow crab
6,4,3,332,705,7,9,5,snow crab
4,3,4,428,957,7,8,1,snow crab
6,4,4,466,58,9,10,3,snow crab
6,4,4,481,1040,12,10,12,snow crab
7,4,3,437,1464,11,12,1,snow crab
9,3,5,392,1596,11,10,1,snow crab
9,3,1,350,1187,7,9,5,snow crab
8,3,5,374,1390,10,12,11,snow crab
9,3,3,448,1660,7,13,11,snow crab
7,4,3,378,1732,11,8,2,snow crab
6,4,1,312,350,7,9,11,snow crab
9,4,4,401,1686,12,9,11,snow crab
4,4,4,417,327,10,12,4,snow crab
9,3,4,343,1384,12,12,4,snow crab
7,4,1,338,864,11,8,11,snow crab
7,3,2,361,843,9,13,4,snow crab
4,3,5,317,480,11,9,12,snow crab
8,4,4,495,550,12,10,11,snow crab
5,4,5,352,86,7,10,11,snow crab
4,3,5,353,103,9,11,11,snow crab
6,4,1,447,396,10,13,3,snow crab
9,3,4,412,697,9,13,12,snow crab
6,3,3,421,432,10,13,4,snow crab
5,3,5,331,1734,12,13,12,snow crab
8,3,3,361,1417,10,13,4,snow crab
5,4,3,367,1573,10,13,3,snow crab
7,4,2,469,1288,12,11,11,snow crab
4,4,4,476,470,12,8,1,snow crab
6,3,4,342,1462,12,8,5,snow crab
4,3,2,302,843,10,10,5,snow crab
7,4,2,412,75,10,11,12,snow crab
8,3,1,466,471,9,12,11,snow crab
7,3,1,467,192,9,11,3,snow crab
8,4,2,432,135,10,11,11,snow crab
9,3,5,305,1528,11,10,12,snow crab
9,4,2,382,133,8,10,4,snow crab
5,4,3,352,1037,11,13,4,snow crab
9,3,2,379,1113,7,8,1,snow crab
5,3,3,467,1637,11,10,12,snow crab
9,3,4,449,808,9,8,12,snow crab
4,4,3,360,741,8,13,4,snow crab
9,3,3,311,547,7,10,12,snow crab
4,3,4,438,1483,9,9,12,snow crab
5,3,1,480,1343,10,9,11,snow crab
5,4,2,371,618,12,12,3,snow crab
7,4,4,486,543,11,13,1,snow crab
7,4,4,422,1089,12,9,2,snow crab
5,4,5,494,853,7,8,2,snow crab
9,4,1,396,562,11,11,2,snow crab
5,4,5,440,817,12,8,12,snow crab
6,4,2,368,388,9,13,3,snow crab
8,3,3,377,1020,9,10,4,snow crab
5,3,2,477,221,10,11,11,snow crab
8,3,5,401,827,11,9,5,snow crab
9,4,5,344,1594,12,12,1,snow crab
6,3,5,480,1747,12,8,2,snow crab
6,4,3,318,535,11,8,4,snow crab
7,4,3,354,1639,8,12,11,snow crab
8,4,4,418,584,8,10,5,snow crab
8,3,5,456,477,11,8,5,snow crab
5,3,1,475,811,12,11,11,snow crab
5,3,2,326,252,10,13,11,snow crab
9,3,1,365,1556,8,8,1,snow crab
8,4,3,328,1449,11,12,11,snow crab
5,3,3,500,135,11,13,1,snow crab
7,4,1,365,151,11,12,5,snow crab
9,4,2,319,343,10,10,12,snow crab
4,3,5,422,1169,9,12,11,snow crab
6,4,2,369,1496,10,13,1,snow crab
6,3,1,421,362,9,11,12,snow crab
8,4,1,369,1153,10,8,5,snow crab
8,3,5,495,570,7,10,5,snow crab
6,3,5,432,1532,9,10,11,snow crab
5,3,2,342,988,7,9,11,snow crab
4,4,5,325,1191,10,8,1,snow crab
6,4,4,429,1358,9,13,3,snow crab
7,4,4,437,1780,10,12,5,snow crab
9,4,5,460,1237,10,13,5,snow crab
6,3,3,476,1415,7,13,5,snow crab
6,3,4,307,1577,12,9,12,snow crab
5,4,3,355,1512,7,11,11,snow crab
8,3,2,421,70,9,11,4,snow crab
5,4,4,323,1149,7,8,11,snow crab
5,3,3,442,729,8,9,3,snow crab
9,4,1,433,1172,10,10,5,snow crab
7,4,4,491,1209,10,13,2,snow crab
4,3,3,490,1085,7,12,11,snow crab
5,3,2,493,111,10,9,12,snow crab
5,3,3,331,1046,9,10,3,snow crab
9,4,4,376,1588,8,12,11,snow crab
7,3,3,417,1277,9,12,1,snow crab
7,4,1,476,752,10,11,1,snow crab
8,4,2,349,656,9,13,1,snow crab
8,4,4,457,1349,10,10,11,snow crab
5,3,3,401,1556,10,9,2,snow crab
9,3,3,412,1402,9,13,12,snow crab
6,3,4,444,1625,12,9,4,snow crab
5,3,1,331,126,11,8,5,snow crab
6,4,3,364,1253,7,10,2,snow crab
8,3,3,369,824,8,12,1,snow crab
4,4,4,309,1208,8,11,5,snow crab
8,3,2,453,195,7,9,3,snow crab
7,4,5,411,406,12,12,12,snow crab
7,4,4,474,740,9,8,4,snow crab
6,3,4,480,869,11,9,1,snow crab
8,3,4,350,315,11,9,4,snow crab
6,4,2,451,532,9,8,11,snow crab
6,4,4,451,420,12,10,11,snow crab
5,4,5,492,602,8,12,11,snow crab
7,4,5,332,664,11,11,11,snow crab
5,4,4,451,569,11,13,2,snow crab
8,4,1,345,1376,11,9,2,snow crab
5,3,1,436,247,9,12,1,snow crab
8,4,1,398,542,11,12,12,snow crab
5,3,2,466,1126,8,11,11,snow crab
4,3,5,471,1785,8,8,4,snow crab
8,4,5,315,970,9,9,4,snow crab
4,3,3,425,304,10,11,3,snow crab
7,3,4,356,101,11,13,4,snow crab
4,3,4,311,494,12,9,3,snow crab
9,4,3,418,812,12,9,5,snow crab
8,3,4,455,633,12,13,12,snow crab
8,4,5,493,685,10,12,2,snow crab
7,4,4,392,592,11,11,1,snow crab
4,4,4,452,1382,7,10,4,snow crab
5,4,1,355,359,8,13,11,snow crab
5,4,5,469,1103,11,10,12,snow crab
5,4,5,358,1309,11,8,11,snow crab
7,4,1,414,852,12,9,5,snow crab
6,4,1,455,1607,12,12,12,snow crab
6,3,3,479,1205,8,12,4,snow crab
7,3,3,399,1082,10,10,3,snow crab
6,4,4,407,412,8,12,11,snow crab
4,3,5,477,851,8,10,11,snow crab
9,3,2,447,1266,11,12,11,snow crab
6,3,1,398,664,12,11,3,snow crab
9,3,2,311,480,7,8,11,snow crab
5,4,1,302,1399,12,12,1,snow crab
4,4,5,461,1748,8,9,11,snow crab
5,3,4,465,1606,8,11,12,snow crab
8,3,4,434,358,11,8,11,snow crab
4,3,3,500,700,7,13,11,snow crab
7,4,1,446,1409,7,9,3,snow crab
5,4,2,355,731,7,8,2,snow crab
8,4,4,300,319,11,8,3,snow crab
9,3,2,332,549,11,11,2,snow crab
6,3,2,446,1559,10,11,2,snow crab
4,3,2,312,1133,9,12,4,snow crab
7,3,4,493,248,12,10,11,snow crab
4,4,5,347,1161,9,9,1,snow crab
7,3,1,429,1338,10,13,12,snow crab
4,4,5,430,602,9,12,2,snow crab
4,4,4,471,295,7,11,3,snow crab
7,4,1,433,910,12,8,11,snow crab
7,4,5,303,1596,8,13,11,snow crab
8,4,5,439,228,8,13,5,snow crab
8,3,5,476,773,7,11,11,snow crab
5,4,5,308,42,10,9,2,snow crab
4,3,4,474,278,12,9,11,snow crab
7,4,5,450,968,7,11,3,snow crab
4,3,1,446,575,10,10,11,snow crab
9,4,2,333,822,7,8,12,snow crab
4,3,2,362,1681,10,13,11,snow crab
4,4,3,430,1645,8,10,5,snow crab
5,3,5,447,69,12,8,11,snow crab
4,3,3,393,1148,10,11,3,snow crab
7,3,2,467,843,7,8,2,snow crab
6,3,2,463,1156,9,12,12,snow crab
8,3,4,334,1696,10,9,1,snow crab
6,3,4,389,1572,8,12,2,snow crab
7,4,3,434,319,9,11,12,snow crab
6,3,1,404,1633,12,12,4,snow crab
6,3,4,484,72,12,11,12,snow crab
9,3,4,419,1537,8,8,11,snow crab
5,3,5,302,1060,8,12,3,snow crab
6,3,3,407,1063,7,9,11,snow crab
4,4,4,472,426,10,9,4,snow crab
4,4,1,335,1629,11,12,11,snow crab
4,4,1,447,1685,9,12,3,snow crab
7,3,2,462,626,8,13,11,snow crab
8,4,2,318,49,10,11,12,snow crab
6,4,5,495,153,7,8,12,snow crab
9,4,4,436,1448,12,9,5,snow crab
9,3,5,484,1311,10,9,12,snow crab
7,4,5,346,543,8,9,2,snow crab
5,3,1,489,1765,8,10,11,snow crab
4,3,2,340,861,8,13,3,snow crab
7,3,2,310,1480,8,12,11,snow crab
9,3,1,492,1340,12,8,4,snow crab
5,4,5,474,210,9,11,5,snow crab
6,4,4,498,650,10,13,11,snow crab
4,3,2,428,226,7,10,12,snow crab
7,3,4,391,920,11,11,3,snow crab
5,3,3,417,1249,8,8,12,snow crab
5,3,2,327,359,9,9,12,snow crab
6,3,1,472,928,11,9,2,snow crab
9,4,5,341,847,8,11,12,snow crab
9,4,1,376,1033,7,8,2,snow crab
6,4,3,347,1153,7,13,5,snow crab
6,4,1,444,1440,11,9,2,snow crab
4,4,1,370,587,7,11,11,snow crab
9,3,5,450,1625,9,8,3,snow crab
4,4,1,493,924,9,11,11,snow crab
7,4,2,469,651,8,10,5,snow crab
4,3,1,492,83,7,12,12,snow crab
7,3,2,414,742,9,9,1,snow crab
8,3,5,344,78,9,8,5,snow crab
9,4,1,328,109,12,8,11,snow crab
9,4,2,381,1676,8,10,5,snow crab
7,3,5,366,789,11,13,11,snow crab
9,4,3,302,1505,11,10,11,snow crab
7,4,1,316,31,11,12,2,snow crab
7,4,2,492,93,11,8,5,snow crab
7,4,3,436,816,9,9,11,snow crab
8,3,3,335,1403,9,11,5,snow crab
6,3,5,338,941,12,13,11,snow crab
6,4,3,308,772,11,9,2,snow crab
8,3,1,489,1503,10,13,2,snow crab
7,4,2,458,241,10,10,2,snow crab
4,4,1,463,51,11,12,2,snow crab
5,4,4,425,797,12,11,12,snow crab
8,3,2,418,656,7,11,11,snow crab
8,3,2,340,1565,12,8,5,snow crab
8,4,4,345,544,10,12,5,snow crab
4,4,2,353,198,7,9,11,snow crab
8,3,2,462,1008,12,13,11,snow crab
4,4,4,346,473,8,12,11,snow crab
7,4,1,354,497,9,10,12,snow crab
6,3,5,406,135,11,9,5,snow crab
6,3,1,391,1739,11,13,1,snow crab
8,4,5,419,974,7,11,11,snow crab
4,4,4,389,389,8,9,1,snow crab
7,4,5,331,1533,10,11,4,snow crab
9,4,3,305,1702,7,9,2,snow crab
6,4,2,318,945,12,13,1,snow crab
8,3,4,393,1195,11,10,1,snow crab
8,4,1,377,1130,11,11,1,snow crab
7,4,2,474,1518,8,8,4,snow crab
7,4,5,326,399,11,12,2,snow crab
6,4,1,467,267,9,9,11,snow crab
5,4,4,323,244,10,12,12,snow crab
8,4,3,440,1419,12,11,12,snow crab
4,3,1,334,1289,11,12,12,snow crab
7,3,5,409,1486,12,13,2,snow crab
4,4,4,337,1204,10,11,12,snow crab
8,3,2,422,1541,12,11,1,snow crab
7,4,3,491,189,8,10,2,snow crab
6,4,2,341,311,11,9,2,snow crab
5,4,4,471,365,11,12,4,snow crab
5,3,3,445,151,12,8,11,snow crab
4,3,5,331,682,9,13,5,snow crab
7,4,2,499,955,10,12,12,snow crab
9,3,3,356,442,8,13,3,snow crab
6,4,4,393,416,12,11,2,snow crab
5,4,5,444,1118,8,12,12,snow crab
5,3,3,422,1341,12,9,2,snow crab
4,3,2,439,705,12,10,12,snow crab
5,3,4,373,110,8,8,11,snow crab
6,3,3,474,1233,10,13,5,snow crab
9,3,2,374,1605,8,13,4,snow crab
9,4,1,437,1234,11,9,4,snow crab
6,4,1,380,963,7,8,4,snow crab
8,4,5,352,282,7,10,4,snow crab
8,4,3,403,1296,12,12,12,snow crab
7,4,4,385,1357,8,12,1,snow crab
4,4,3,398,1578,10,9,12,snow crab
7,4,4,330,1705,9,13,5,snow crab
6,3,1,419,1306,9,13,4,snow crab
5,3,4,374,982,8,11,2,snow crab
9,4,1,444,621,11,8,2,snow crab
7,3,3,451,1588,12,11,2,snow crab
7,3,1,380,490,7,9,11,snow crab
5,4,5,340,1238,10,8,1,snow crab
5,4,1,377,262,12,9,2,snow crab
7,3,5,359,623,8,12,1,snow crab
5,4,1,449,1654,12,11,12,snow crab
7,3,5,379,465,8,8,4,snow crab
5,4,2,337,103,10,11,11,snow crab
9,3,5,354,468,12,12,2,snow crab
8,3,1,321,658,9,9,4,snow crab
9,3,5,304,1394,10,13,11,snow crab
4,4,5,409,1450,7,10,11,snow crab
8,3,1,396,1127,7,11,4,snow crab
8,3,1,448,488,10,8,11,snow crab
5,4,1,344,1002,12,13,3,snow crab
6,4,4,377,1491,7,12,11,snow crab
6,4,4,473,1683,12,13,4,snow crab
4,3,2,364,1128,11,12,12,snow crab
4,3,4,472,1337,11,9,4,snow crab
6,4,2,319,571,12,11,11,snow crab
5,3,4,450,87,12,9,3,snow crab
7,4,5,434,448,10,11,4,snow crab
4,4,4,381,1617,11,10,4,snow crab
7,3,4,445,1740,7,8,11,snow crab
4,4,3,317,1757,11,8,2,snow crab
8,4,2,323,1492,11,11,1,snow crab
5,4,4,475,1023,9,13,12,snow crab
7,3,3,458,615,8,10,12,snow crab
8,3,1,429,985,11,10,5,snow crab
7,4,4,485,1527,9,8,12,snow crab
6,3,1,407,1791,7,12,11,snow crab
7,3,4,367,699,10,9,11,snow crab
6,4,2,437,1585,12,10,1,snow crab
6,3,1,347,1683,11,12,11,snow crab
5,3,4,370,655,10,13,4,snow crab
7,3,5,485,1792,11,12,1,snow crab
7,3,2,395,1740,11,12,1,snow crab
9,4,5,373,93,10,12,4,snow crab
4,3,2,366,45,9,9,1,snow crab
5,3,4,329,863,11,11,11,snow crab
7,4,4,391,680,10,8,11,snow crab
9,4,2,305,103,11,11,3,snow crab
7,4,3,413,1349,10,12,3,snow crab
5,3,4,446,1085,12,8,1,snow crab
9,4,2,394,1776,7,12,12,snow crab
9,3,2,449,1204,8,12,5,snow crab
9,3,3,497,366,12,9,2,snow crab
9,3,3,473,1369,12,9,11,snow crab
5,3,4,370,1622,8,8,5,snow crab
5,3,5,465,1627,7,8,11,snow crab
5,3,4,456,762,12,8,4,snow crab
9,4,4,470,1438,12,13,4,snow crab
9,3,2,413,1416,12,12,11,snow crab
7,4,3,494,30,11,12,11,snow crab
7,3,2,337,298,7,10,11,snow crab
9,4,1,480,46,9,10,11,snow crab
7,3,3,493,1581,7,12,5,snow crab
5,4,3,414,1318,11,11,11,snow crab
7,4,2,399,1482,11,12,5,snow crab
5,4,3,399,1238,10,8,12,snow crab
4,3,2,468,62,12,8,4,snow crab
4,4,3,361,1795,11,10,4,snow crab
4,4,3,384,1659,11,8,5,snow crab
7,4,4,398,1554,9,11,11,snow crab
8,4,1,414,323,11,9,12,snow crab
4,4,2,467,1440,7,10,12,snow crab
9,4,2,415,1629,11,10,3,snow crab
7,4,3,349,1137,10,9,12,snow crab
7,3,2,406,1275,10,12,5,snow crab
8,4,4,487,75,7,9,5,snow crab
8,3,4,449,1404,12,13,3,snow crab
8,3,1,355,97,12,10,4,snow crab
7,4,3,483,442,12,10,3,snow crab
8,4,1,438,1470,9,13,5,snow crab
7,3,4,457,243,12,10,3,snow crab
7,3,1,358,1237,7,9,5,snow crab
8,4,4,358,581,10,10,2,snow crab
5,4,4,361,719,7,9,11,snow crab
9,3,5,464,872,8,8,5,snow crab
8,3,4,388,792,11,13,4,snow crab
6,4,4,357,1697,12,8,12,snow crab
6,3,2,377,1692,10,10,11,snow crab
5,4,5,466,1235,11,9,2,snow crab
4,3,3,337,1231,8,12,4,snow crab
4,4,1,450,161,7,8,5,snow crab
5,3,3,372,544,7,12,1,snow crab
9,4,3,375,895,9,12,5,snow crab
6,4,4,333,1646,12,12,1,snow crab
7,3,3,434,560,11,13,1,snow crab
7,4,1,321,1340,10,10,4,snow crab
8,4,2,339,388,12,12,1,snow crab
4,3,5,307,1013,8,9,2,snow crab
4,3,5,400,873,8,13,1,snow crab
9,4,2,432,1645,12,8,4,snow crab
5,3,5,400,121,11,8,2,snow crab
6,3,2,300,1447,8,9,11,snow crab
7,4,2,313,1472,11,9,2,snow crab
9,4,4,377,495,12,8,11,snow crab
6,4,4,419,1138,11,8,4,snow crab
7,3,2,431,1244,7,9,2,snow crab
4,4,2,442,1535,7,13,5,snow crab
4,3,5,403,276,10,12,3,snow crab
4,4,2,398,1251,10,12,2,snow crab
8,4,1,402,1143,11,12,5,snow crab
4,3,4,332,720,11,11,11,snow crab
8,4,4,336,1035,12,12,12,snow crab
8,4,1,346,725,10,12,1,snow crab
9,3,3,440,868,8,11,3,snow crab
8,4,1,423,762,9,13,1,snow crab
6,4,1,437,1770,10,11,11,snow crab
4,3,2,300,633,11,9,1,snow crab
7,4,2,345,1729,11,12,4,snow crab
5,3,3,478,472,9,11,5,snow crab
9,3,2,458,983,7,13,3,snow crab
6,3,1,337,1614,12,11,11,snow crab
6,4,2,443,1350,8,9,2,snow crab
7,4,3,472,601,7,10,2,snow crab
9,3,2,328,1563,9,12,4,snow crab
8,3,3,388,62,12,10,2,snow crab
7,4,2,444,1041,9,10,12,snow crab
8,3,2,484,1195,11,8,1,snow crab
8,3,3,376,639,9,12,2,snow crab
9,7,5,2925,252,18,21,4,king crab
8,6,9,3162,280,21,23,12,king crab
7,5,5,2709,152,19,23,4,king crab
7,10,6,3135,35,18,22,9,king crab
9,6,9,1695,262,21,21,2,king crab
7,6,9,2430,82,19,25,7,king crab
7,8,5,1626,96,18,22,10,king crab
10,8,7,1832,104,19,21,10,king crab
10,7,9,2396,62,20,21,3,king crab
9,8,5,1928,212,22,22,3,king crab
9,9,6,2341,182,18,21,8,king crab
7,7,9,2861,33,19,21,10,king crab
7,5,5,2097,132,20,24,8,king crab
9,8,8,3170,49,22,21,1,king crab
9,7,5,1831,224,20,24,12,king crab
10,7,8,3250,276,18,23,6,king crab
10,10,10,2596,117,19,25,10,king crab
9,8,5,1858,259,18,23,5,king crab
9,9,10,3040,120,21,23,11,king crab
7,7,10,1540,273,21,25,12,king crab
7,5,8,1416,59,18,24,12,king crab
7,8,9,1668,273,18,22,11,king crab
10,8,10,2079,272,18,24,3,king crab
9,9,9,2212,103,18,23,2,king crab
10,8,9,2924,265,18,24,5,king crab
9,7,7,1485,159,19,21,12,king crab
7,8,8,3018,260,22,21,2,king crab
7,6,10,2969,68,18,25,12,king crab
10,7,10,2528,290,20,21,12,king crab
9,7,8,2966,36,22,24,5,king crab
10,9,5,1412,171,21,24,9,king crab
10,10,10,3244,101,22,25,5,king crab
7,6,9,2595,76,22,24,8,king crab
9,9,6,1610,146,21,25,11,king crab
8,10,5,2335,294,20,22,1,king crab
9,6,6,1560,257,21,22,1,king crab
9,6,7,3040,191,19,22,10,king crab
7,10,10,2596,159,20,23,5,king crab
7,9,10,1521,288,20,22,4,king crab
10,5,8,2348,34,22,23,11,king crab
8,8,10,1595,126,19,25,6,king crab
8,8,5,2900,189,18,25,3,king crab
9,6,10,2038,296,21,21,3,king crab
7,7,6,2426,54,19,25,9,king crab
9,5,10,2289,110,18,21,9,king crab
8,8,6,3123,89,20,24,2,king crab
9,8,6,2122,81,19,23,8,king crab
9,6,10,3426,175,19,23,8,king crab
10,6,8,1983,43,20,23,3,king crab
10,8,8,3003,69,19,23,1,king crab
9,8,7,2501,273,22,25,11,king crab
10,9,10,2061,91,21,21,7,king crab
9,10,7,2873,186,22,21,2,king crab
9,7,5,3175,189,22,22,10,king crab
10,7,9,1562,73,20,23,1,king crab
8,7,7,3395,179,21,25,8,king crab
10,7,9,2688,73,19,25,6,king crab
10,7,10,2809,99,18,25,10,king crab
9,10,8,3205,239,20,22,2,king crab
8,7,6,1611,228,22,23,5,king crab
8,6,9,2661,64,18,23,8,king crab
7,7,6,2178,87,20,25,6,king crab
10,6,10,1406,190,21,23,2,king crab
7,5,7,2589,78,20,24,4,king crab
10,9,8,1886,78,18,24,11,king crab
7,10,9,1550,207,22,24,1,king crab
9,6,5,2762,93,22,25,9,king crab
7,5,5,2191,197,20,24,10,king crab
8,5,7,3379,98,18,21,7,king crab
7,9,7,2638,114,20,25,7,king crab
7,10,9,2132,226,21,23,10,king crab
8,5,6,3332,79,21,22,6,king crab
7,10,10,2301,248,18,21,2,king crab
7,10,9,1482,191,22,22,1,king crab
7,10,9,2868,45,19,23,2,king crab
8,5,10,3126,150,20,22,10,king crab
8,7,10,2625,226,21,23,6,king crab
10,7,9,3122,95,19,22,2,king crab
8,7,10,1886,239,22,23,4,king crab
9,10,8,1809,46,20,23,2,king crab
8,6,10,3200,78,20,25,4,king crab
8,5,6,2514,108,22,23,8,king crab
9,5,9,2857,200,19,21,11,king crab
9,6,10,2152,252,22,22,7,king crab
10,9,9,2329,68,22,22,7,king crab
9,7,10,2585,86,20,23,10,king crab
7,6,9,3226,93,21,24,10,king crab
9,9,5,2398,127,21,23,4,king crab
9,6,8,3067,209,21,23,5,king crab
10,6,10,3089,262,18,23,6,king crab
9,9,7,3034,142,21,22,3,king crab
10,8,6,1778,89,18,24,1,king crab
7,8,10,3036,111,21,25,3,king crab
8,9,9,1577,181,19,21,8,king crab
7,10,10,2603,54,18,22,8,king crab
7,7,10,2800,91,22,25,10,king crab
7,6,8,3172,224,19,24,9,king crab
10,10,7,1685,140,20,25,12,king crab
10,7,7,1917,149,20,22,7,king crab
9,10,9,2385,149,21,22,4,king crab
9,5,8,3000,74,18,25,7,king crab
8,5,9,2430,265,22,24,5,king crab
10,7,9,2665,183,20,21,7,king crab
10,7,5,2823,184,20,22,7,king crab
7,5,6,3401,201,18,23,4,king crab
8,10,6,3166,54,21,21,6,king crab
10,7,8,2783,160,18,25,6,king crab
10,9,9,3245,270,21,25,9,king crab
9,6,8,2173,216,20,24,10,king crab
8,5,10,2098,112,18,21,5,king crab
9,7,7,1851,91,22,22,5,king crab
7,5,8,3021,119,18,21,4,king crab
9,9,6,1675,168,19,21,1,king crab
10,9,9,1817,191,22,21,11,king crab
9,5,7,1486,206,19,25,12,king crab
8,9,9,2911,260,22,24,2,king crab
9,7,10,2599,180,22,22,10,king crab
10,9,10,2182,69,20,22,6,king crab
9,6,7,2457,250,18,24,1,king crab
8,9,8,1646,274,19,23,7,king crab
8,6,6,1652,73,20,25,12,king crab
10,8,7,2169,172,18,22,4,king crab
8,6,10,2365,275,22,21,4,king crab
8,5,10,3103,183,22,21,10,king crab
8,9,10,1828,275,19,24,1,king crab
7,6,5,3450,225,21,23,5,king crab
9,5,6,3368,151,22,23,7,king crab
9,10,9,2075,162,18,23,6,king crab
10,7,5,2762,107,21,22,11,king crab
8,7,6,2810,96,22,23,10,king crab
7,8,9,2502,277,22,24,4,king crab
9,8,8,2747,266,18,23,4,king crab
9,7,9,3392,72,20,25,11,king crab
7,10,10,1678,147,21,24,6,king crab
7,6,7,2657,107,18,24,8,king crab
10,10,6,3142,141,18,23,12,king crab
8,9,5,2131,139,22,21,5,king crab
9,10,10,3214,290,21,23,11,king crab
9,9,8,2682,43,21,24,4,king crab
9,10,8,2868,268,18,25,6,king crab
9,8,6,3344,159,22,21,6,king crab
7,6,6,1552,263,21,23,3,king crab
8,10,10,3274,62,22,21,1,king crab
8,8,8,3048,102,20,21,12,king crab
10,5,10,3206,144,19,22,4,king crab
10,8,10,1682,125,19,21,10,king crab
9,5,8,1603,61,22,23,7,king crab
8,10,10,1401,41,18,25,3,king crab
9,9,5,2099,123,18,21,12,king crab
7,9,7,3172,71,20,21,6,king crab
9,8,7,2755,199,21,24,11,king crab
10,8,9,3238,166,18,24,3,king crab
10,9,7,1439,94,19,21,11,king crab
9,9,8,1924,140,19,21,10,king crab
7,5,6,2150,247,18,24,6,king crab
9,8,7,2084,95,18,22,11,king crab
10,10,7,1576,273,18,21,7,king crab
8,9,10,1582,144,21,23,11,king crab
9,10,8,2034,117,22,25,4,king crab
7,10,9,1961,162,19,23,9,king crab
10,8,9,2214,80,22,23,11,king crab
10,7,9,1873,133,21,22,4,king crab
9,9,9,2815,193,19,25,1,king crab
9,7,10,2271,110,20,21,9,king crab
9,9,9,1508,129,22,25,9,king crab
10,6,5,1599,31,21,21,12,king crab
10,6,5,3010,200,20,21,11,king crab
7,6,9,3103,162,19,23,4,king crab
10,5,5,2836,231,18,25,10,king crab
7,9,9,3386,213,20,21,9,king crab
8,8,9,3099,274,21,23,12,king crab
10,7,6,2283,256,19,23,12,king crab
7,7,10,2665,163,18,24,6,king crab
9,5,8,1821,219,18,21,8,king crab
9,6,7,1805,190,19,21,5,king crab
9,9,9,3026,157,20,24,2,king crab
8,7,6,2072,40,19,23,4,king crab
9,10,8,1590,182,21,22,2,king crab
10,8,8,3385,127,22,23,6,king crab
8,7,5,2369,269,20,23,6,king crab
9,10,5,2372,44,19,23,9,king crab
9,7,5,2883,255,20,21,1,king crab
8,5,8,3283,152,20,22,1,king crab
9,10,5,2816,65,19,24,12,king crab
10,7,10,3465,156,21,25,9,king crab
10,6,8,3154,73,18,21,2,king crab
9,9,10,3060,194,19,25,12,king crab
8,6,8,1964,132,21,23,2,king crab
8,10,8,2966,136,18,21,1,king crab
7,10,7,2010,142,20,23,3,king crab
9,9,6,3351,94,19,25,1,king crab
8,9,8,3212,76,22,21,1,king crab
9,7,5,1563,98,19,24,10,king crab
7,6,5,1874,238,18,23,7,king crab
9,8,9,1970,189,20,22,1,king crab
8,8,7,1489,65,18,22,7,king crab
7,5,9,2943,160,22,22,12,king crab
7,9,5,1492,105,21,23,6,king crab
8,5,8,2501,173,18,22,9,king crab
7,5,8,1487,102,18,25,10,king crab
7,5,8,3360,202,19,24,4,king crab
7,6,7,2352,93,18,22,9,king crab
7,6,5,2167,283,22,22,12,king crab
8,5,5,2076,205,19,21,8,king crab
8,5,7,2428,252,19,25,6,king crab
7,6,8,1944,209,19,21,7,king crab
9,6,5,1654,130,22,25,6,king crab
8,6,6,1921,111,22,22,2,king crab
8,8,10,1570,31,18,22,4,king crab
7,8,5,1542,80,21,21,1,king crab
7,9,8,2483,40,22,25,3,king crab
7,5,6,2795,142,19,21,7,king crab
7,8,9,2423,194,21,22,2,king crab
8,6,9,1807,273,22,23,5,king crab
10,5,10,3427,77,19,21,12,king crab
9,5,6,2569,154,22,22,12,king crab
9,10,6,1474,67,20,25,4,king crab
9,6,7,1526,31,21,21,5,king crab
10,8,10,1698,113,22,21,10,king crab
8,7,8,1573,50,22,23,9,king crab
9,10,8,2279,205,18,23,7,king crab
8,6,6,3062,209,20,23,10,king crab
10,8,6,1873,164,19,25,11,king crab
10,8,9,1976,264,18,24,7,king crab
8,5,6,1462,208,19,23,6,king crab
10,9,6,3274,293,18,21,9,king crab
9,7,5,2617,57,20,25,10,king crab
9,10,5,2368,119,19,25,3,king crab
8,8,5,2774,288,19,23,3,king crab
8,5,7,2893,207,18,24,7,king crab
9,9,9,3159,198,18,23,9,king crab
9,6,5,2620,161,21,22,4,king crab
7,10,5,2837,222,18,24,5,king crab
9,5,5,1650,32,22,22,7,king crab
8,8,9,2960,62,19,21,11,king crab
10,8,10,2965,184,19,25,6,king crab
7,6,6,1707,178,19,23,8,king crab
7,5,7,1799,213,19,21,11,king crab
10,9,5,3292,174,22,21,7,king crab
9,9,6,3428,140,19,22,1,king crab
9,8,8,2584,156,20,21,6,king crab
9,10,6,3038,139,20,24,4,king crab
7,10,10,1943,157,18,22,4,king crab
8,5,8,2344,232,20,25,3,king crab
9,10,6,1797,241,19,24,3,king crab
8,10,5,1563,271,18,23,1,king crab
7,9,5,2796,223,21,22,5,king crab
9,7,7,2962,31,18,22,2,king crab
10,8,5,1519,137,20,22,3,king crab
7,5,9,2933,224,20,23,2,king crab
7,6,8,3121,160,21,25,11,king crab
7,5,7,2955,226,20,22,12,king crab
9,5,9,3235,30,18,23,7,king crab
9,7,5,3088,137,18,22,11,king crab
9,5,6,2562,43,22,25,4,king crab
8,5,9,2804,56,20,23,8,king crab
8,6,9,1798,99,22,24,3,king crab
10,10,7,2482,264,22,23,7,king crab
7,5,6,1606,189,18,21,11,king crab
8,5,7,1620,276,18,21,4,king crab
10,8,5,2740,232,19,25,5,king crab
7,6,9,1757,226,20,25,10,king crab
8,5,9,3188,172,22,21,8,king crab
7,8,7,3067,45,22,25,5,king crab
7,6,8,2321,281,18,21,11,king crab
9,7,5,2155,189,21,21,3,king crab
9,8,8,3111,50,19,25,9,king crab
7,8,10,1784,160,19,22,9,king crab
8,8,5,2855,92,21,22,12,king crab
7,8,7,2997,109,22,25,6,king crab
8,6,6,1458,162,19,22,4,king crab
10,9,5,3438,114,21,22,11,king crab
9,6,5,2534,75,22,22,12,king crab
10,10,9,3392,260,18,23,12,king crab
9,7,8,2464,297,19,22,9,king crab
10,10,8,3312,226,21,25,5,king crab
7,5,6,2407,215,22,25,3,king crab
8,9,7,3124,209,22,21,1,king crab
7,10,10,2015,251,19,25,8,king crab
10,9,8,2166,162,19,21,11,king crab
9,6,6,2490,54,21,25,7,king crab
9,9,7,2657,296,19,22,5,king crab
10,5,9,1734,128,19,23,10,king crab
10,6,9,1727,212,22,21,9,king crab
8,6,6,3233,218,21,22,5,king crab
10,8,9,2696,171,19,21,4,king crab
10,5,9,1678,68,19,25,4,king crab
10,5,10,1564,214,20,21,8,king crab
7,7,7,1885,98,18,24,6,king crab
10,8,8,2036,162,21,23,10,king crab
7,6,6,3083,148,21,23,7,king crab
10,10,8,2950,107,19,23,12,king crab
8,10,9,3340,226,22,23,10,king crab
10,6,10,2064,169,18,22,4,king crab
8,7,5,1841,122,20,22,8,king crab
9,8,9,2685,261,22,21,7,king crab
8,10,10,1837,184,21,23,5,king crab
7,10,5,2750,226,21,22,4,king crab
8,10,8,2129,171,19,24,12,king crab
7,8,9,2107,124,20,25,1,king crab
9,9,10,2123,168,21,25,7,king crab
10,8,8,3458,66,20,24,4,king crab
10,10,8,2197,143,20,22,11,king crab
8,7,7,1747,63,20,22,2,king crab
9,8,7,2403,31,21,21,11,king crab
9,10,9,2792,69,19,21,10,king crab
10,10,6,1485,234,19,24,5,king crab
7,8,9,2597,94,18,25,3,king crab
10,9,7,2172,202,19,24,12,king crab
7,6,6,2780,300,18,24,9,king crab
10,7,10,1835,37,18,24,9,king crab
8,5,5,2840,102,21,22,9,king crab
8,5,7,1973,31,21,22,5,king crab
7,10,6,2983,59,22,23,2,king crab
7,9,10,1585,223,19,24,4,king crab
9,5,8,3329,35,19,23,4,king crab
9,10,10,3461,137,22,25,12,king crab
9,7,10,2795,64,18,23,6,king crab
9,10,10,3323,178,22,22,3,king crab
7,10,6,2393,213,19,25,7,king crab
9,9,5,1437,94,20,24,11,king crab
7,8,7,1691,79,21,24,10,king crab
7,5,5,1746,150,19,23,5,king crab
9,7,5,2649,282,19,24,7,king crab
8,7,9,2519,216,19,23,8,king crab
9,8,5,3376,289,21,23,1,king crab
10,6,8,2882,44,19,24,4,king crab
10,6,5,1765,53,20,22,3,king crab
9,6,5,2017,284,19,21,9,king crab
7,8,9,2115,98,20,23,6,king crab
10,7,6,2590,83,21,23,2,king crab
7,6,6,3092,77,19,22,2,king crab
9,8,6,3297,190,22,24,8,king crab
8,8,6,2860,288,20,25,10,king crab
8,9,8,2269,258,19,25,5,king crab
8,7,7,3038,275,21,25,3,king crab
8,5,5,1841,71,22,22,10,king crab
9,10,9,2487,244,19,24,10,king crab
7,8,7,2614,136,21,22,2,king crab
9,6,7,2078,106,18,25,6,king crab
10,7,10,2069,114,19,21,1,king crab
10,8,10,1859,220,22,22,12,king crab
10,6,6,3026,49,21,24,7,king crab
9,7,8,1830,145,18,24,8,king crab
10,5,8,2443,58,21,22,12,king crab
8,10,9,3448,155,19,23,7,king crab
8,10,6,2839,101,19,25,3,king crab
8,8,10,2169,165,20,25,2,king crab
9,10,8,2349,225,19,21,10,king crab
8,10,5,2419,134,20,24,11,king crab
9,7,8,2287,50,19,21,4,king crab
8,8,8,3020,247,19,23,11,king crab
7,5,7,2780,79,21,25,12,king crab
10,6,9,1544,262,22,23,6,king crab
7,7,5,2270,117,19,24,11,king crab
7,6,9,2098,59,20,22,2,king crab
8,5,5,1477,256,20,25,10,king crab
7,5,6,1405,30,18,21,5,king crab
10,8,8,3340,157,20,24,4,king crab
10,9,8,1509,175,20,25,7,king crab
7,10,8,2156,259,19,25,3,king crab
7,9,6,2645,131,21,25,5,king crab
9,5,6,2119,211,20,25,11,king crab
9,5,7,3234,40,20,22,8,king crab
8,5,6,2100,54,19,24,11,king crab
10,8,5,1977,147,19,22,9,king crab
7,10,10,2952,167,20,23,9,king crab
9,8,6,1581,288,19,22,3,king crab
7,6,5,1672,143,18,25,11,king crab
7,5,9,1661,267,22,24,9,king crab
9,6,5,1811,176,18,25,6,king crab
8,7,6,3193,100,20,21,3,king crab
9,6,9,3181,110,22,21,5,king crab
7,8,10,2557,252,18,21,7,king crab
7,10,9,1626,56,20,25,8,king crab
7,5,5,1897,236,21,21,12,king crab
9,9,10,2738,81,19,25,8,king crab
7,10,10,1476,35,22,25,11,king crab
7,8,8,3217,265,21,23,4,king crab
9,9,5,2214,100,21,25,7,king crab
10,7,7,1623,255,20,23,9,king crab
10,10,10,1497,61,20,22,11,king crab
7,8,8,2629,62,18,22,4,king crab
8,5,9,2291,129,22,21,9,king crab
10,5,7,3253,139,19,24,7,king crab
8,10,5,1647,269,21,23,12,king crab
10,7,7,1763,42,19,21,4,king crab
9,9,6,1962,283,20,24,1,king crab
10,10,9,1419,47,19,24,3,king crab
8,10,9,2325,90,20,23,2,king crab
10,5,9,1690,98,22,22,9,king crab
10,9,6,2580,157,19,25,5,king crab
8,7,7,2324,63,21,23,11,king crab
8,7,8,2725,163,22,24,4,king crab
9,8,8,2676,200,22,24,10,king crab
9,10,5,3248,110,21,21,4,king crab
7,6,9,1888,192,20,25,3,king crab
9,5,7,3234,285,20,21,1,king crab
9,5,9,2377,249,21,23,1,king crab
7,6,6,1456,77,19,22,5,king crab
2,2,2,328,1502,15,17,4,red crab
1,2,3,429,2231,10,9,5,red crab
1,1,1,447,2017,13,10,3,red crab
1,2,3,428,1310,12,14,4,red crab
4,2,2,391,574,7,9,1,red crab
5,1,4,409,1369,8,8,6,red crab
2,2,3,415,1367,8,11,2,red crab
3,2,3,397,2243,14,9,4,red crab
5,1,3,322,1952,9,10,3,red crab
4,1,3,336,656,14,16,5,red crab
3,2,3,377,1483,7,15,4,red crab
1,1,2,373,1846,13,12,5,red crab
2,2,1,373,1875,9,17,3,red crab
3,1,3,404,1676,9,10,5,red crab
3,2,3,402,2254,11,10,2,red crab
5,1,2,401,1915,9,15,5,red crab
3,2,4,369,1583,9,8,6,red crab
1,1,3,376,1717,8,8,5,red crab
1,2,3,397,2276,7,17,1,red crab
4,1,4,418,2009,12,14,1,red crab
1,1,4,375,2157,11,8,2,red crab
4,1,4,338,967,12,16,3,red crab
3,1,3,337,643,12,16,5,red crab
5,1,4,446,640,9,10,6,red crab
3,1,2,341,658,13,13,2,red crab
2,1,3,449,626,14,11,6,red crab
2,1,1,395,1770,8,10,5,red crab
2,2,3,390,874,13,8,1,red crab
2,2,3,435,1165,14,9,6,red crab
4,2,2,447,1779,9,14,1,red crab
2,1,2,369,1236,13,9,3,red crab
4,2,2,348,1779,11,14,1,red crab
5,2,4,405,730,10,15,2,red crab
5,1,2,364,1698,8,9,4,red crab
4,1,1,385,548,14,11,4,red crab
2,1,2,423,1306,15,16,5,red crab
5,2,1,325,849,13,12,4,red crab
4,2,4,440,729,10,17,5,red crab
2,1,1,336,518,14,17,1,red crab
3,1,3,389,426,15,16,2,red crab
1,1,3,359,1547,9,16,3,red crab
4,2,3,346,1430,10,8,6,red crab
1,1,1,388,2209,15,8,5,red crab
5,1,3,414,1766,10,14,2,red crab
3,2,4,440,1525,10,15,5,red crab
2,2,3,326,985,12,15,3,red crab
4,1,3,352,1368,8,9,4,red crab
5,2,4,329,415,14,16,4,red crab
1,2,1,352,1163,11,12,5,red crab
1,2,3,363,1116,14,9,1,red crab
5,1,4,333,676,12,12,6,red crab
5,2,4,390,1859,14,16,2,red crab
3,2,1,405,1333,7,8,2,red crab
1,2,1,441,2004,10,12,6,red crab
1,2,2,404,1969,15,8,5,red crab
2,2,1,389,630,10,12,5,red crab
5,2,3,414,1915,10,14,4,red crab
4,1,3,443,1646,13,17,2,red crab
1,2,2,331,1152,8,15,5,red crab
5,2,1,346,992,15,15,4,red crab
2,1,3,375,1019,10,9,3,red crab
4,2,1,341,1130,10,13,2,red crab
5,1,3,360,1562,7,10,2,red crab
5,2,4,335,1229,9,11,4,red crab
2,2,3,377,2107,11,9,5,red crab
4,1,3,419,1404,15,16,6,red crab
2,2,3,440,1325,12,15,1,red crab
4,2,3,359,1698,8,13,2,red crab
3,1,1,323,1641,11,10,5,red crab
2,2,4,375,1207,12,14,1,red crab
2,1,3,329,899,8,11,6,red crab
5,1,3,345,499,12,10,4,red crab
5,1,4,383,1197,13,9,3,red crab
4,1,1,367,1012,7,15,6,red crab
4,1,1,428,753,12,15,2,red crab
5,2,1,380,1011,11,9,3,red crab
3,2,4,324,2021,7,9,2,red crab
5,1,2,407,1495,12,17,4,red crab
2,1,4,433,2139,12,11,1,red crab
1,1,4,426,1680,10,11,3,red crab
1,1,3,407,1331,13,11,1,red crab
2,2,2,423,1198,9,17,2,red crab
1,1,2,355,910,14,15,4,red crab
5,1,1,350,1090,15,10,3,red crab
3,2,3,375,1698,13,12,5,red crab
5,1,4,407,2265,8,15,1,red crab
4,2,3,401,408,11,8,4,red crab
3,1,3,425,2196,12,9,4,red crab
4,1,3,422,1835,12,9,1,red crab
3,2,4,320,483,10,16,3,red crab
5,1,1,392,1125,13,9,5,red crab
4,1,3,417,636,12,16,1,red crab
3,1,4,382,1766,12,9,4,red crab
1,1,1,342,1154,14,10,6,red crab
5,2,4,362,1615,9,10,2,red crab
1,2,4,411,1859,12,9,4,red crab
1,1,1,347,1675,8,14,6,red crab
3,1,1,416,1669,7,12,1,red crab
3,2,1,378,1826,10,14,2,red crab
4,2,1,421,1874,8,9,4,red crab
4,2,1,382,982,11,11,4,red crab
5,2,4,360,1062,9,13,2,red crab
4,2,2,436,671,8,10,4,red crab
5,2,1,352,1229,15,11,4,red crab
2,2,2,433,2274,15,8,1,red crab
5,1,4,375,1195,13,16,6,red crab
1,1,4,349,1988,10,15,4,red crab
3,2,2,389,838,13,8,4,red crab
3,2,2,345,1130,13,16,3,red crab
3,1,1,433,743,9,10,5,red crab
2,2,3,440,810,7,10,1,red crab
3,2,2,347,1859,7,11,4,red crab
2,2,1,348,2059,14,17,4,red crab
4,1,1,320,725,12,8,3,red crab
1,2,4,413,1658,7,14,5,red crab
1,1,4,361,2041,11,12,6,red crab
1,2,3,447,1539,13,16,4,red crab
4,2,1,402,1708,7,15,5,red crab
5,2,2,344,1286,12,17,2,red crab
1,1,2,324,1967,11,11,5,red crab
5,1,3,385,2270,10,15,2,red crab
3,1,2,324,2210,10,14,2,red crab
2,1,2,386,555,7,12,2,red crab
5,1,1,378,606,12,14,6,red crab
2,2,1,390,585,10,17,1,red crab
3,2,4,409,1020,7,16,3,red crab
4,1,1,352,2048,15,13,6,red crab
1,2,4,388,676,10,16,5,red crab
1,1,1,364,1213,7,15,3,red crab
4,1,2,437,1566,14,10,5,red crab
4,2,4,445,917,15,9,2,red crab
2,1,1,402,461,12,16,3,red crab
2,2,1,409,1060,12,11,5,red crab
4,1,2,374,1274,11,12,5,red crab
4,2,2,390,1755,9,17,4,red crab
4,2,4,345,1629,8,15,1,red crab
5,2,4,373,828,9,14,5,red crab
3,1,3,415,2296,7,8,5,red crab
3,1,4,446,1351,7,15,6,red crab
4,2,3,419,1748,14,13,1,red crab
2,1,1,341,751,7,11,3,red crab
5,2,3,393,1736,13,12,3,red crab
5,2,4,360,664,8,12,6,red crab
5,1,4,380,473,10,17,5,red crab
4,1,1,380,1305,15,16,6,red crab
5,1,4,326,2277,13,12,2,red crab
1,1,1,424,715,9,11,2,red crab
5,1,3,428,783,14,17,1,red crab
1,2,4,349,1706,11,10,6,red crab
4,2,2,404,818,8,9,1,red crab
3,1,1,343,1120,10,16,3,red crab
2,1,1,416,893,14,16,6,red crab
1,1,1,415,1340,15,11,1,red crab
3,1,1,367,576,10,17,1,red crab
4,2,1,441,1455,15,11,2,red crab
1,1,1,391,1209,14,12,5,red crab
5,2,2,368,1846,13,13,3,red crab
3,2,3,409,1415,15,17,4,red crab
5,1,3,394,1223,8,16,1,red crab
2,2,2,332,625,12,9,6,red crab
2,1,1,344,1422,10,17,5,red crab
1,2,3,438,2004,12,10,3,red crab
5,1,2,367,2066,13,11,6,red crab
5,1,4,414,1942,13,17,1,red crab
1,1,2,441,1966,12,15,4,red crab
5,2,3,400,1484,14,16,5,red crab
1,2,4,417,758,11,17,5,red crab
3,1,2,405,886,9,11,1,red crab
4,1,4,369,860,9,11,6,red crab
4,1,2,437,2098,7,8,5,red crab
4,2,3,423,473,13,13,3,red crab
2,1,4,377,1169,7,12,1,red crab
3,2,4,444,1824,12,9,5,red crab
3,2,1,350,1484,7,10,4,red crab
3,2,3,340,2169,12,15,3,red crab
1,1,4,388,1976,7,11,2,red crab
1,1,3,390,946,11,16,6,red crab
2,2,3,447,1122,7,10,4,red crab
1,2,1,324,1840,7,12,2,red crab
4,1,4,434,1029,11,11,1,red crab
2,1,3,360,1725,11,15,6,red crab
4,1,3,351,1209,12,17,1,red crab
4,2,4,389,2068,10,17,5,red crab
1,1,1,321,498,15,17,2,red crab
2,1,4,444,1988,15,15,2,red crab
1,2,3,364,2095,9,11,5,red crab
2,1,1,377,1252,11,8,2,red crab
1,2,4,407,1627,9,13,5,red crab
1,2,2,414,1048,14,9,6,red crab
2,2,2,327,698,13,17,5,red crab
1,2,1,407,2236,9,16,1,red crab
3,1,4,327,2286,7,11,6,red crab
4,1,4,330,2102,10,9,5,red crab
2,1,4,374,2009,7,13,6,red crab
2,1,4,418,759,11,15,6,red crab
4,1,2,401,1991,12,14,5,red crab
2,1,4,450,765,14,17,1,red crab
2,2,2,410,1587,10,11,1,red crab
2,2,3,384,721,13,14,1,red crab
2,2,2,355,1959,10,9,6,red crab
1,1,3,359,1544,8,8,3,red crab
1,1,4,367,724,10,13,4,red crab
5,1,4,431,2238,7,16,2,red crab
4,1,3,394,539,13,17,1,red crab
3,1,1,415,821,7,9,4,red crab
4,2,2,350,1436,15,8,2,red crab
4,1,4,336,1540,9,11,5,red crab
1,1,1,417,1541,11,8,4,red crab
2,2,3,450,427,9,9,5,red crab
1,1,4,335,1218,9,15,6,red crab
4,2,4,421,918,15,8,3,red crab
5,2,3,362,928,12,12,2,red crab
5,2,3,321,1903,13,10,5,red crab
4,1,3,324,1104,8,10,1,red crab
5,2,2,322,1744,11,16,4,red crab
1,1,1,399,528,15,9,3,red crab
1,1,3,395,1823,13,15,5,red crab
3,1,1,405,493,10,12,6,red crab
1,2,4,350,1057,7,9,4,red crab
4,1,1,436,1427,9,10,6,red crab
2,1,2,335,424,9,8,1,red crab
4,2,4,335,621,14,11,1,red crab
1,2,3,429,2027,7,14,5,red crab
2,2,4,364,731,7,15,4,red crab
3,1,1,427,527,12,15,6,red crab
1,2,1,411,1771,9,8,3,red crab
3,1,2,376,1098,8,17,5,red crab
4,1,2,347,978,12,15,6,red crab
4,2,3,447,720,14,10,2,red crab
3,1,2,391,896,10,15,2,red crab
4,2,3,351,583,12,15,1,red crab
4,2,2,327,1941,8,10,3,red crab
2,2,3,362,779,15,9,3,red crab
2,2,3,335,413,8,17,4,red crab
2,2,1,354,1461,13,16,6,red crab
4,2,3,422,925,9,17,4,red crab
5,2,1,325,836,9,11,6,red crab
5,2,3,409,1153,14,10,1,red crab
1,2,4,434,485,10,8,1,red crab
1,1,2,433,450,9,13,1,red crab
3,2,3,404,1872,11,8,3,red crab
5,1,2,329,1879,14,8,3,red crab
4,1,2,387,1841,11,8,1,red crab
5,2,1,380,688,14,15,2,red crab
2,1,1,389,2014,12,14,3,red crab
1,1,4,333,1015,15,13,6,red crab
1,1,3,353,454,8,10,5,red crab
1,1,3,397,493,10,11,2,red crab
4,2,3,418,1833,11,13,4,red crab
3,1,2,368,469,11,13,2,red crab
1,2,1,378,631,9,10,4,red crab
1,1,3,427,1628,12,15,1,red crab
4,1,1,393,2169,8,16,4,red crab
2,2,1,446,1202,13,16,6,red crab
2,1,4,427,1426,8,11,5,red crab
4,1,4,426,1204,15,9,3,red crab
1,2,4,345,1724,9,15,6,red crab
2,1,4,353,1555,14,17,3,red crab
4,1,1,330,2211,13,14,6,red crab
2,1,2,320,1667,8,14,1,red crab
1,1,1,382,486,13,8,3,red crab
3,1,2,372,442,13,17,1,red crab
2,1,2,435,1631,12,9,4,red crab
1,1,4,328,1047,15,13,2,red crab
5,1,3,345,861,15,13,6,red crab
2,2,1,374,1863,11,14,2,red crab
1,1,1,401,1582,9,14,4,red crab
1,2,2,405,1855,10,15,4,red crab
2,2,1,396,816,15,15,4,red crab
3,2,1,433,2089,8,10,6,red crab
5,1,1,363,1665,14,8,2,red crab
4,1,4,328,1054,14,12,2,red crab
2,2,3,361,935,9,13,3,red crab
3,2,3,407,2231,7,15,1,red crab
3,1,3,430,616,7,17,1,red crab
3,2,1,332,1595,10,16,5,red crab
5,1,4,346,2129,7,17,3,red crab
2,1,3,446,2062,8,11,5,red crab
1,1,1,422,1476,15,11,6,red crab
3,1,3,396,1878,14,15,5,red crab
1,1,4,404,2076,8,12,6,red crab
1,2,1,402,1050,15,17,1,red crab
5,2,1,365,2077,12,13,5,red crab
4,2,1,396,1519,11,12,2,red crab
5,2,4,337,1547,9,13,1,red crab
2,1,3,377,1550,11,12,2,red crab
3,2,1,402,1039,15,9,5,red crab
5,2,1,415,1294,13,12,6,red crab
4,1,2,349,2230,10,15,3,red crab
3,2,4,404,734,11,15,4,red crab
3,2,2,399,1389,11,14,6,red crab
1,2,1,341,576,10,11,6,red crab
4,2,3,320,1434,8,15,5,red crab
5,1,3,388,1871,8,10,3,red crab
2,1,2,342,441,13,14,2,red crab
3,1,1,321,714,7,17,5,red crab
1,1,4,430,1740,11,14,5,red crab
1,1,1,340,1116,10,10,3,red crab
2,2,3,447,621,13,12,6,red crab
3,1,4,321,1917,10,17,1,red crab
3,1,3,436,1663,10,17,4,red crab
1,2,1,347,1793,9,14,5,red crab
3,1,2,387,1106,12,13,1,red crab
4,2,1,373,1142,13,13,4,red crab
4,1,3,417,2000,12,12,3,red crab
3,2,4,367,421,14,15,4,red crab
5,1,2,425,413,13,14,6,red crab
4,2,1,424,1974,14,9,1,red crab
5,2,4,436,847,15,10,4,red crab
5,1,1,348,751,13,11,6,red crab
2,2,4,415,1609,10,10,3,red crab
2,1,1,413,1806,10,9,1,red crab
1,2,2,424,2236,7,11,6,red crab
3,1,2,388,1938,10,16,4,red crab
2,1,3,371,550,13,17,2,red crab
5,1,1,363,1507,7,14,3,red crab
3,1,4,383,1801,13,14,4,red crab
1,2,1,370,937,10,10,2,red crab
4,1,4,417,662,15,11,5,red crab
1,1,3,399,2154,8,16,4,red crab
4,1,4,447,846,10,17,2,red crab
5,2,3,444,859,13,15,3,red crab
4,2,3,408,1394,7,10,2,red crab
1,2,1,426,1022,14,16,1,red crab
5,1,3,386,1873,15,8,1,red crab
4,1,3,333,1536,9,9,3,red crab
3,1,4,329,467,11,13,5,red crab
2,1,4,422,2060,10,16,2,red crab
4,1,4,383,2219,12,11,6,red crab
4,2,3,434,1816,15,12,6,red crab
3,1,4,385,1459,7,12,4,red crab
5,2,3,324,1272,7,14,5,red crab
5,1,3,412,1578,13,11,5,red crab
2,2,1,337,1408,14,12,2,red crab
4,2,1,321,527,14,9,5,red crab
1,2,3,328,1270,15,15,5,red crab
4,2,3,322,1887,12,10,5,red crab
1,2,1,371,915,13,17,4,red crab
1,2,3,400,1865,11,11,5,red crab
5,1,3,338,2002,9,11,2,red crab
5,1,2,429,1259,15,17,1,red crab
4,1,3,330,694,14,16,3,red crab
3,2,1,340,684,7,11,3,red crab
3,2,2,447,1617,9,11,5,red crab
4,1,3,353,766,7,16,2,red crab
2,2,1,341,419,14,12,6,red crab
2,1,3,448,2045,14,14,1,red crab
5,2,3,333,1742,8,15,2,red crab
4,2,1,416,462,15,15,4,red crab
4,2,2,408,493,10,8,6,red crab
2,1,2,329,1121,13,10,6,red crab
2,1,2,401,1138,12,14,6,red crab
3,2,3,396,1080,11,16,3,red crab
2,1,3,376,502,11,14,5,red crab
2,2,4,376,2272,10,15,5,red crab
4,1,4,396,1511,12,12,6,red crab
1,2,4,389,1414,9,14,6,red crab
2,1,4,394,1673,15,13,6,red crab
2,1,2,403,576,13,8,4,red crab
5,2,2,426,1103,10,13,2,red crab
3,1,2,346,1324,15,14,4,red crab
5,2,3,410,1841,11,17,4,red crab
4,1,3,432,2148,11,12,1,red crab
1,1,3,387,1559,9,15,2,red crab
2,2,2,397,1314,15,9,4,red crab
5,1,2,358,1271,13,10,2,red crab
1,2,4,324,1573,8,13,5,red crab
4,1,3,409,1835,14,11,2,red crab
2,1,2,407,1321,13,17,1,red crab
4,1,4,437,1357,11,17,1,red crab
2,2,2,347,1319,9,13,3,red crab
2,2,3,406,644,11,15,6,red crab
1,1,4,437,443,7,17,6,red crab
1,2,3,353,1379,14,10,3,red crab
1,1,4,354,814,12,17,3,red crab
2,2,2,398,877,13,13,3,red crab
4,1,4,355,1445,14,17,4,red crab
5,2,4,347,2073,7,16,5,red crab
4,1,2,370,2272,14,13,3,red crab
2,1,2,424,1469,7,11,4,red crab
5,2,3,438,1513,11,17,6,red crab
1,1,3,433,656,14,14,5,red crab
5,1,4,414,1353,14,17,6,red crab
1,1,2,342,2012,15,14,2,red crab
5,2,3,371,836,8,11,5,red crab
5,2,2,395,2175,8,16,5,red crab
5,2,4,449,834,15,16,3,red crab
1,1,4,373,984,12,8,1,red crab
2,1,2,425,676,7,9,2,red crab
4,2,1,337,1964,15,17,3,red crab
1,2,3,386,2127,15,16,2,red crab
5,2,1,392,501,11,17,1,red crab
4,2,1,402,1468,9,9,3,red crab
1,1,1,444,1916,14,14,4,red crab
2,2,1,370,825,14,17,4,red crab
5,1,2,324,1698,8,13,1,red crab
3,2,4,446,1662,14,13,6,red crab
4,1,1,446,1519,13,14,2,red crab
1,2,4,433,2053,14,17,3,red crab
3,2,4,409,421,8,14,6,red crab
